Entry	CBB_01	CBB_02	CBB_03	rGlyP_07	rGlyP_08	rGlyP_09	CBB_UP_01	CBB_UP_02	CBB_UP_03	rGlyP_UP_07	rGlyP_UP_08	rGlyP_UP_09	CBB_01_imputado	CBB_02_imputado	CBB_03_imputado	rGlyP_07_imputado	rGlyP_08_imputado	rGlyP_09_imputado	Entry Name	Protein names	Gene Names	Organism	Length	Gene Ontology (biological process)	Gene Ontology (cellular component)	Gene Ontology (GO)	Gene Ontology (molecular function)	Gene Ontology IDs	KEGG	log2FC	p_value	neg_log10_p	p_adj_fdr
O07451	26.39293099145501	26.320032115864603	26.349342582440023	20.83504259587196	21.201638846615744	19.94654094545664	29	34	33	0	4	0	No	No	No	Si	No	Si	HYPF2_CUPNH	Carbamoyltransferase HypF2 (EC 6.2.-.-) (Carbamoyl phosphate-converting enzyme hypF2) ([NiFe]-hydrogenase maturation factor hypF2) (Hydrogenase maturation protein hypF2)	hypF2 PHG096	Cupriavidus necator (strain ATCC 17699 / DSM 428 / KCTC 22496 / NCIMB 10442 / H16 / Stanier 337) (Ralstonia eutropha)	807	protein maturation [GO:0051604]		carboxyl- or carbamoyltransferase activity [GO:0016743]; double-stranded RNA binding [GO:0003725]; ligase activity [GO:0016874]; zinc ion binding [GO:0008270]; protein maturation [GO:0051604]	carboxyl- or carbamoyltransferase activity [GO:0016743]; double-stranded RNA binding [GO:0003725]; ligase activity [GO:0016874]; zinc ion binding [GO:0008270]	GO:0003725; GO:0008270; GO:0016743; GO:0016874; GO:0051604	reh:PHG096	-5.6930277672717615	0.00010771095015753041	2.9573509080433067	0.00110318688950818
P19911	28.54473592765602	28.658239161275173	28.737080424908047	21.951285104273985	22.06411772256381	22.33829025833445	21	20	21	2	2	1	No	No	No	No	No	No	F16A2_CUPNH	Fructose-1,6-bisphosphatase class 1 2 (FBPase class 1 2) (EC 3.1.3.11) (D-fructose-1,6-bisphosphate 1-phosphohydrolase class 1 2)	fbp2 cbbF2 cbbFC cfxF H16_B1390	Cupriavidus necator (strain ATCC 17699 / DSM 428 / KCTC 22496 / NCIMB 10442 / H16 / Stanier 337) (Ralstonia eutropha)	364	fructose 1,6-bisphosphate metabolic process [GO:0030388]; fructose 6-phosphate metabolic process [GO:0006002]; fructose metabolic process [GO:0006000]; gluconeogenesis [GO:0006094]; sucrose biosynthetic process [GO:0005986]	cytosol [GO:0005829]	cytosol [GO:0005829]; fructose 1,6-bisphosphate 1-phosphatase activity [GO:0042132]; magnesium ion binding [GO:0000287]; fructose 1,6-bisphosphate metabolic process [GO:0030388]; fructose 6-phosphate metabolic process [GO:0006002]; fructose metabolic process [GO:0006000]; gluconeogenesis [GO:0006094]; sucrose biosynthetic process [GO:0005986]	fructose 1,6-bisphosphate 1-phosphatase activity [GO:0042132]; magnesium ion binding [GO:0000287]	GO:0000287; GO:0005829; GO:0005986; GO:0006000; GO:0006002; GO:0006094; GO:0030388; GO:0042132	reh:H16_B1390	-6.528787476222327	8.773715480468216e-07	4.15468330308169	7.003525220251922e-05
P19923	30.79540058776652	30.736636357327267	30.94757829784812	23.237449807164214	23.587527718701427	23.651910526186423	28	27	29	2	5	3	No	No	No	No	No	No	KPPR2_CUPNH	Phosphoribulokinase, chromosomal (PRK) (PRKase) (EC 2.7.1.19) (Phosphopentokinase)	cfxP H16_B1389	Cupriavidus necator (strain ATCC 17699 / DSM 428 / KCTC 22496 / NCIMB 10442 / H16 / Stanier 337) (Ralstonia eutropha)	292	reductive pentose-phosphate cycle [GO:0019253]		ATP binding [GO:0005524]; phosphoribulokinase activity [GO:0008974]; reductive pentose-phosphate cycle [GO:0019253]	ATP binding [GO:0005524]; phosphoribulokinase activity [GO:0008974]	GO:0005524; GO:0008974; GO:0019253	reh:H16_B1389	-7.334242396963283	8.719868292728845e-07	4.15468330308169	7.003525220251922e-05
P21725	31.568871828120812	31.2753919415062	31.058807904409925	23.861800716850485	23.75277958031002	23.750439029993256	41	41	40	8	9	9	No	No	No	No	No	No	TKTC_CUPNH	Transketolase, chromosomal (TK) (EC 2.2.1.1)	cbbTC cbbT2 H16_B1388	Cupriavidus necator (strain ATCC 17699 / DSM 428 / KCTC 22496 / NCIMB 10442 / H16 / Stanier 337) (Ralstonia eutropha)	670	pentose-phosphate shunt [GO:0006098]; reductive pentose-phosphate cycle [GO:0019253]	cytosol [GO:0005829]	cytosol [GO:0005829]; metal ion binding [GO:0046872]; transketolase activity [GO:0004802]; pentose-phosphate shunt [GO:0006098]; reductive pentose-phosphate cycle [GO:0019253]	metal ion binding [GO:0046872]; transketolase activity [GO:0004802]	GO:0004802; GO:0005829; GO:0006098; GO:0019253; GO:0046872	reh:H16_B1388	-7.512684115627728	1.0105159035143249e-06	4.143006608893596	7.194380298434912e-05
P21726	29.800956681495233	29.342354726777177	29.15756921514035	24.311436490237877	24.36367387870538	23.61525724232743	15	15	15	2	2	2	No	No	No	No	No	No	TKTP_CUPNH	Transketolase, plasmid (TK) (EC 2.2.1.1)	cbbTP PHG420	Cupriavidus necator (strain ATCC 17699 / DSM 428 / KCTC 22496 / NCIMB 10442 / H16 / Stanier 337) (Ralstonia eutropha)	670	pentose-phosphate shunt [GO:0006098]; reductive pentose-phosphate cycle [GO:0019253]	cytosol [GO:0005829]	cytosol [GO:0005829]; metal ion binding [GO:0046872]; transketolase activity [GO:0004802]; pentose-phosphate shunt [GO:0006098]; reductive pentose-phosphate cycle [GO:0019253]	metal ion binding [GO:0046872]; transketolase activity [GO:0004802]	GO:0004802; GO:0005829; GO:0006098; GO:0019253; GO:0046872	reh:PHG420	-5.336837670714022	6.49859916248027e-05	3.0948581577347585	0.0008037885997999961
P22320	30.597672382684895	30.520822548822352	30.557905078489313	23.82542488255256	23.866013970545552	23.88581114383457	58	58	56	12	15	17	No	No	No	No	No	No	HOXH_CUPNH	NAD-reducing hydrogenase HoxS subunit beta (EC 1.12.1.2)	hoxH PHG091	Cupriavidus necator (strain ATCC 17699 / DSM 428 / KCTC 22496 / NCIMB 10442 / H16 / Stanier 337) (Ralstonia eutropha)	488		cytoplasm [GO:0005737]	cytoplasm [GO:0005737]; ferredoxin hydrogenase activity [GO:0008901]; hydrogen dehydrogenase activity [GO:0047985]; nickel cation binding [GO:0016151]	ferredoxin hydrogenase activity [GO:0008901]; hydrogen dehydrogenase activity [GO:0047985]; nickel cation binding [GO:0016151]	GO:0005737; GO:0008901; GO:0016151; GO:0047985	reh:PHG091	-6.699716671021292	1.945162862600646e-09	5.245809935665083	5.677930395931286e-06
P29267	27.27584665590291	27.00726647319499	26.93144202107136	24.39681489925221	24.347946781403973	24.431744923899	23	24	25	9	11	11	No	No	No	No	No	No	HOXA_CUPNH	Hydrogenase transcriptional regulatory protein HoxA	hoxA PHG019	Cupriavidus necator (strain ATCC 17699 / DSM 428 / KCTC 22496 / NCIMB 10442 / H16 / Stanier 337) (Ralstonia eutropha)	482	phosphorelay signal transduction system [GO:0000160]; regulation of DNA-templated transcription [GO:0006355]	cytoplasm [GO:0005737]	cytoplasm [GO:0005737]; ATP binding [GO:0005524]; ATP hydrolysis activity [GO:0016887]; sequence-specific DNA binding [GO:0043565]; phosphorelay signal transduction system [GO:0000160]; regulation of DNA-templated transcription [GO:0006355]	ATP binding [GO:0005524]; ATP hydrolysis activity [GO:0016887]; sequence-specific DNA binding [GO:0043565]	GO:0000160; GO:0005524; GO:0005737; GO:0006355; GO:0016887; GO:0043565	reh:PHG019	-2.6793495152046916	1.5252679132066326e-05	3.4719937020380125	0.00033729219989773947
P31891	29.09170398706972	28.820821333796708	28.62906107763041	23.12609051781942	23.30222746837519	23.29431714622136	33	33	35	8	11	11	No	No	No	No	No	No	MBHL_CUPNH	Uptake hydrogenase large subunit (EC 1.12.99.6) (Hydrogenlyase) (Membrane-bound hydrogenase large subunit)	hoxG PHG002	Cupriavidus necator (strain ATCC 17699 / DSM 428 / KCTC 22496 / NCIMB 10442 / H16 / Stanier 337) (Ralstonia eutropha)	618		plasma membrane [GO:0005886]	plasma membrane [GO:0005886]; ferredoxin hydrogenase activity [GO:0008901]; hydrogenase (acceptor) activity [GO:0033748]; nickel cation binding [GO:0016151]	ferredoxin hydrogenase activity [GO:0008901]; hydrogenase (acceptor) activity [GO:0033748]; nickel cation binding [GO:0016151]	GO:0005886; GO:0008901; GO:0016151; GO:0033748	reh:PHG002	-5.606317088693622	2.7455886055938142e-06	3.8443184682017013	0.00014311380606657758
P31900	26.0804546380587	26.06808553533897	26.05123869548582	22.503084528478105	23.00083274477033	22.61726111506363	3	3	3	2	1	2	No	No	No	No	No	No	HYPC_CUPNH	Hydrogenase maturation factor HypC	hypC PHG015	Cupriavidus necator (strain ATCC 17699 / DSM 428 / KCTC 22496 / NCIMB 10442 / H16 / Stanier 337) (Ralstonia eutropha)	90	protein maturation [GO:0051604]		carbon dioxide binding [GO:1902670]; iron ion binding [GO:0005506]; protein maturation [GO:0051604]	carbon dioxide binding [GO:1902670]; iron ion binding [GO:0005506]	GO:0005506; GO:0051604; GO:1902670	reh:PHG015	-3.359533493523813	2.4019686486706448e-05	3.358289734430379	0.0004382382347707243
P31901	28.531038316800736	28.31650898962055	28.061679845097743	23.53296001638429	23.332305826028293	23.505403857880452	4	4	4	2	2	2	No	No	No	No	No	No	HYPA_CUPNH	Hydrogenase maturation factor HypA	hypA PHG012	Cupriavidus necator (strain ATCC 17699 / DSM 428 / KCTC 22496 / NCIMB 10442 / H16 / Stanier 337) (Ralstonia eutropha)	119	protein maturation [GO:0051604]; protein modification process [GO:0036211]		nickel cation binding [GO:0016151]; zinc ion binding [GO:0008270]; protein maturation [GO:0051604]; protein modification process [GO:0036211]	nickel cation binding [GO:0016151]; zinc ion binding [GO:0008270]	GO:0008270; GO:0016151; GO:0036211; GO:0051604	reh:PHG012	-4.846185817075334	5.397988348270735e-06	3.6946285649193866	0.00020200933318720868
P31902	28.845793639476575	28.581517751402902	28.49530928381604	25.74439794709245	25.63672516072395	25.672925837835816	22	23	22	9	9	9	No	No	No	No	No	No	HYPB_CUPNH	Hydrogenase maturation factor HypB	hypB PHG013	Cupriavidus necator (strain ATCC 17699 / DSM 428 / KCTC 22496 / NCIMB 10442 / H16 / Stanier 337) (Ralstonia eutropha)	361	protein maturation [GO:0051604]		GTP binding [GO:0005525]; GTPase activity [GO:0003924]; nickel cation binding [GO:0016151]; zinc ion binding [GO:0008270]; protein maturation [GO:0051604]	GTP binding [GO:0005525]; GTPase activity [GO:0003924]; nickel cation binding [GO:0016151]; zinc ion binding [GO:0008270]	GO:0003924; GO:0005525; GO:0008270; GO:0016151; GO:0051604	reh:PHG013	-2.9561905763477654	1.143098630919877e-05	3.544868062157952	0.0002851884533038565
P31903	27.297506194603745	27.388659850437577	27.36834199464507	24.38816100734226	24.509090608779147	24.513028844566435	20	19	19	6	5	6	No	No	No	No	No	No	HYPD_CUPNH	Hydrogenase maturation factor HypD	hypD PHG016	Cupriavidus necator (strain ATCC 17699 / DSM 428 / KCTC 22496 / NCIMB 10442 / H16 / Stanier 337) (Ralstonia eutropha)	379	protein maturation [GO:0051604]		4 iron, 4 sulfur cluster binding [GO:0051539]; carbon monoxide binding [GO:0070025]; iron ion binding [GO:0005506]; protein maturation [GO:0051604]	4 iron, 4 sulfur cluster binding [GO:0051539]; carbon monoxide binding [GO:0070025]; iron ion binding [GO:0005506]	GO:0005506; GO:0051539; GO:0051604; GO:0070025	reh:PHG016	-2.8814091929995165	5.184026131281933e-07	4.218038731654252	6.052868910884785e-05
P31905	26.87508369163724	26.973238599445057	27.11271679610142	24.463319042736824	24.694077693795997	24.537205024219627	18	18	18	8	9	14	No	No	No	No	No	No	HYPE_CUPNH	Carbamoyl dehydratase HypE (EC 4.2.1.-) (Hydrogenase maturation factor HypE)	hypE PHG017	Cupriavidus necator (strain ATCC 17699 / DSM 428 / KCTC 22496 / NCIMB 10442 / H16 / Stanier 337) (Ralstonia eutropha)	351	protein maturation [GO:0051604]		lyase activity [GO:0016829]; protein maturation [GO:0051604]	lyase activity [GO:0016829]	GO:0016829; GO:0051604	reh:PHG017	-2.422145775477091	1.5181822068404105e-05	3.4719937020380125	0.00033729219989773947
P31914	24.90815618519365	25.045104449891745	25.032306595636044	21.96651834617898	22.362606110511315	22.233168473949902	6	6	6	3	4	2	No	No	No	No	No	No	HOXV_CUPNH	Hydrogenase expression/formation protein HoxV	hoxV PHG011	Cupriavidus necator (strain ATCC 17699 / DSM 428 / KCTC 22496 / NCIMB 10442 / H16 / Stanier 337) (Ralstonia eutropha)	383						reh:PHG011	-2.8077581000270833	2.290514664662445e-05	3.3679574267428447	0.00042859053244549217
P45805	24.865971720974656	24.888595035975023	24.932496223223257	21.814579734734792	21.411443056630052	21.904551627141007	8	8	8	2	3	3	No	No	No	No	No	No	HYPF1_CUPNH	Carbamoyltransferase HypF homolog	hypF1 hypF PHG014	Cupriavidus necator (strain ATCC 17699 / DSM 428 / KCTC 22496 / NCIMB 10442 / H16 / Stanier 337) (Ralstonia eutropha)	394	protein maturation [GO:0051604]		carboxyl- or carbamoyltransferase activity [GO:0016743]; zinc ion binding [GO:0008270]; protein maturation [GO:0051604]	carboxyl- or carbamoyltransferase activity [GO:0016743]; zinc ion binding [GO:0008270]	GO:0008270; GO:0016743; GO:0051604	reh:PHG014	-3.185496187222366	3.133790443782167e-05	3.2993709384142207	0.0005019137132261312
P50319	29.42095415761021	29.185668650179096	29.177464428208356	23.20732339562278	23.147137221912697	23.22926997764091	17	20	21	4	4	2	No	No	No	No	No	No	PGKC_CUPNH	Phosphoglycerate kinase, chromosomal (EC 2.7.2.3)	cbbKC cbbK2 H16_B1385	Cupriavidus necator (strain ATCC 17699 / DSM 428 / KCTC 22496 / NCIMB 10442 / H16 / Stanier 337) (Ralstonia eutropha)	413	gluconeogenesis [GO:0006094]; glycolytic process [GO:0006096]; reductive pentose-phosphate cycle [GO:0019253]	cytosol [GO:0005829]	cytosol [GO:0005829]; ADP binding [GO:0043531]; ATP binding [GO:0005524]; phosphoglycerate kinase activity [GO:0004618]; gluconeogenesis [GO:0006094]; glycolytic process [GO:0006096]; reductive pentose-phosphate cycle [GO:0019253]	ADP binding [GO:0043531]; ATP binding [GO:0005524]; phosphoglycerate kinase activity [GO:0004618]	GO:0004618; GO:0005524; GO:0005829; GO:0006094; GO:0006096; GO:0019253; GO:0043531	reh:H16_B1385	-6.066785546940423	2.1525386315823167e-07	4.377906209594716	4.188840177059188e-05
P50320	27.11122116267268	27.05839705142397	27.088951371732147	21.546397510860075	21.9000415095484	21.643217207385824	12	13	13	4	3	3	No	No	No	No	No	No	PGKP_CUPNH	Phosphoglycerate kinase, plasmid (EC 2.7.2.3)	cbbKP PHG417	Cupriavidus necator (strain ATCC 17699 / DSM 428 / KCTC 22496 / NCIMB 10442 / H16 / Stanier 337) (Ralstonia eutropha)	412	gluconeogenesis [GO:0006094]; glycolytic process [GO:0006096]; reductive pentose-phosphate cycle [GO:0019253]	cytosol [GO:0005829]	cytosol [GO:0005829]; ADP binding [GO:0043531]; ATP binding [GO:0005524]; phosphoglycerate kinase activity [GO:0004618]; gluconeogenesis [GO:0006094]; glycolytic process [GO:0006096]; reductive pentose-phosphate cycle [GO:0019253]	ADP binding [GO:0043531]; ATP binding [GO:0005524]; phosphoglycerate kinase activity [GO:0004618]	GO:0004618; GO:0005524; GO:0005829; GO:0006094; GO:0006096; GO:0019253; GO:0043531	reh:PHG417	-5.389637786011495	9.164696895217074e-07	4.15468330308169	7.003525220251922e-05
P50321	31.48680044705824	31.335235337699963	31.282616133902582	25.30894294904814	25.044750075340293	25.184594534503972	28	28	28	5	6	6	No	No	No	No	No	No	G3PC_CUPNH	Glyceraldehyde-3-phosphate dehydrogenase, chromosomal (GAPDH) (EC 1.2.1.12) (NAD-dependent glyceraldehyde-3-phosphate dehydrogenase)	cbbGC cbbG2 H16_B1386	Cupriavidus necator (strain ATCC 17699 / DSM 428 / KCTC 22496 / NCIMB 10442 / H16 / Stanier 337) (Ralstonia eutropha)	336	glucose metabolic process [GO:0006006]; reductive pentose-phosphate cycle [GO:0019253]		glyceraldehyde-3-phosphate dehydrogenase (NAD+) (phosphorylating) activity [GO:0004365]; NAD binding [GO:0051287]; NADP binding [GO:0050661]; glucose metabolic process [GO:0006006]; reductive pentose-phosphate cycle [GO:0019253]	glyceraldehyde-3-phosphate dehydrogenase (NAD+) (phosphorylating) activity [GO:0004365]; NAD binding [GO:0051287]; NADP binding [GO:0050661]	GO:0004365; GO:0006006; GO:0019253; GO:0050661; GO:0051287	reh:H16_B1386	-6.1887881199227905	3.7391554801130143e-07	4.2407459817704165	5.7445236033946785e-05
Q0JYC2	25.37799750795972	25.11242673407112	24.81690496665375	23.97950251899649	23.7627886450673	23.808164812990352	8	8	8	6	7	7	No	No	No	No	No	No	Q0JYC2_CUPNH	Putative alcohol dehydrogenase class III (EC 1.1.1.1) (Zn-dependent alcohol dehydrogenase)	H16_B2470 E6A55_31640	Cupriavidus necator (strain ATCC 17699 / DSM 428 / KCTC 22496 / NCIMB 10442 / H16 / Stanier 337) (Ralstonia eutropha)	361	formaldehyde catabolic process [GO:0046294]	cytosol [GO:0005829]	cytosol [GO:0005829]; alcohol dehydrogenase (NAD+) activity [GO:0004022]; S-(hydroxymethyl)glutathione dehydrogenase [NAD(P)+] activity [GO:0051903]; zinc ion binding [GO:0008270]; formaldehyde catabolic process [GO:0046294]	alcohol dehydrogenase (NAD+) activity [GO:0004022]; S-(hydroxymethyl)glutathione dehydrogenase [NAD(P)+] activity [GO:0051903]; zinc ion binding [GO:0008270]	GO:0004022; GO:0005829; GO:0008270; GO:0046294; GO:0051903	reh:H16_B2470	-1.252291077210149	0.0020168983597312613	2.102937080544717	0.007889744139004706
Q0JYI9	26.311101238224143	26.427866765571803	26.325395379948297	25.28727484974676	25.230787199251385	25.371893623746058	3	3	3	3	3	3	No	No	No	No	No	No	Q0JYI9_CUPNH	carbonic anhydrase (EC 4.2.1.1)	caa H16_B2403 E6A55_31305	Cupriavidus necator (strain ATCC 17699 / DSM 428 / KCTC 22496 / NCIMB 10442 / H16 / Stanier 337) (Ralstonia eutropha)	249			carbonate dehydratase activity [GO:0004089]; zinc ion binding [GO:0008270]	carbonate dehydratase activity [GO:0004089]; zinc ion binding [GO:0008270]	GO:0004089; GO:0008270	reh:H16_B2403	-1.058135903666681	4.325534732674974e-05	3.208356268823191	0.0006189331316018749
Q0JZ57	25.385295604812544	25.315511265073237	25.12878210688764	23.46759213519795	22.89533337882542	22.498161353321475	9	9	9	6	2	3	No	No	No	No	No	No	Q0JZ57_CUPNH	Copper resistance protein A, multi-copper oxidase (Copper resistance system multicopper oxidase)	copA H16_B2185 E6A55_30215	Cupriavidus necator (strain ATCC 17699 / DSM 428 / KCTC 22496 / NCIMB 10442 / H16 / Stanier 337) (Ralstonia eutropha)	614		periplasmic space [GO:0042597]	periplasmic space [GO:0042597]; copper ion binding [GO:0005507]; oxidoreductase activity [GO:0016491]	copper ion binding [GO:0005507]; oxidoreductase activity [GO:0016491]	GO:0005507; GO:0016491; GO:0042597	reh:H16_B2185	-2.3228340364761912	0.0013456405333263498	2.2180090181856613	0.006053283048964882
Q0JZ59	25.3628292912744	25.28608759476681	25.234671833440135	23.814794461303254	23.78713161649644	23.590485990103833	3	3	3	3	3	3	No	No	No	No	No	No	Q0JZ59_CUPNH	Copper homeostasis periplasmic binding protein CopC (Copper resistance protein C)	copC H16_B2183 E6A55_30205	Cupriavidus necator (strain ATCC 17699 / DSM 428 / KCTC 22496 / NCIMB 10442 / H16 / Stanier 337) (Ralstonia eutropha)	128	copper ion transport [GO:0006825]; response to copper ion [GO:0046688]	periplasmic space [GO:0042597]; plasma membrane [GO:0005886]	periplasmic space [GO:0042597]; plasma membrane [GO:0005886]; copper ion binding [GO:0005507]; copper ion transport [GO:0006825]; response to copper ion [GO:0046688]	copper ion binding [GO:0005507]	GO:0005507; GO:0005886; GO:0006825; GO:0042597; GO:0046688	reh:H16_B2183	-1.563725550525941	4.0052540713951765e-05	3.2353318918736114	0.0005816585390250009
Q0JZJ2	21.745453461414673	21.340358128251008	21.218537623647265	19.91078778990587	19.976322797868924	19.912052446764147	2	2	2	1	2	1	No	No	No	No	No	No	Q0JZJ2_CUPNH	diguanylate cyclase (EC 2.7.7.65)	H16_B2050 E6A55_29545	Cupriavidus necator (strain ATCC 17699 / DSM 428 / KCTC 22496 / NCIMB 10442 / H16 / Stanier 337) (Ralstonia eutropha)	339	cell adhesion involved in single-species biofilm formation [GO:0043709]; negative regulation of bacterial-type flagellum-dependent cell motility [GO:1902201]; phosphorelay signal transduction system [GO:0000160]	plasma membrane [GO:0005886]	plasma membrane [GO:0005886]; diguanylate cyclase activity [GO:0052621]; cell adhesion involved in single-species biofilm formation [GO:0043709]; negative regulation of bacterial-type flagellum-dependent cell motility [GO:1902201]; phosphorelay signal transduction system [GO:0000160]	diguanylate cyclase activity [GO:0052621]	GO:0000160; GO:0005886; GO:0043709; GO:0052621; GO:1902201	reh:H16_B2050	-1.5017287262580012	0.000730643006739772	2.4058605027500355	0.003927710748938111
Q0JZJ5	22.70667741938046	22.57189484798396	22.44033079048755	21.624125906743267	21.503540305916403	21.372809016266164	7	7	7	6	4	4	No	No	No	No	No	No	Q0JZJ5_CUPNH	Chemotaxis protein CheW	cheW2b H16_B2047 E6A55_29530	Cupriavidus necator (strain ATCC 17699 / DSM 428 / KCTC 22496 / NCIMB 10442 / H16 / Stanier 337) (Ralstonia eutropha)	228	chemotaxis [GO:0006935]; signal transduction [GO:0007165]	cytosol [GO:0005829]	cytosol [GO:0005829]; chemotaxis [GO:0006935]; signal transduction [GO:0007165]		GO:0005829; GO:0006935; GO:0007165	reh:H16_B2047	-1.072809276308714	0.0005311236141742397	2.502809765177145	0.003141884638095295
Q0K080	21.075124186721812	19.539266397294774	20.73815481701837	18.74164462654298	18.709804737367	18.50660830239687	0	0	0	4	4	3	Si	Si	Si	No	No	No	Q0K080_CUPNH	Putative 2-Ketogluconate kinase (EC 2.7.1.13) (Sugar kinase)	kguK H16_B1812 E6A55_28340	Cupriavidus necator (strain ATCC 17699 / DSM 428 / KCTC 22496 / NCIMB 10442 / H16 / Stanier 337) (Ralstonia eutropha)	314			dehydrogluconokinase activity [GO:0047841]	dehydrogluconokinase activity [GO:0047841]	GO:0047841	reh:H16_B1812	-1.798162578242703	0.018923722724060045	1.3747270337253543	0.04219616348326068
Q0K0P3	22.165746037980306	22.551173886171327	22.45719739429553	21.149322844251586	21.202726454851696	21.226770842319	3	3	3	3	3	2	No	No	No	No	No	No	Q0K0P3_CUPNH	Sensor protein (EC 2.7.13.3)	H16_B1646 E6A55_27505	Cupriavidus necator (strain ATCC 17699 / DSM 428 / KCTC 22496 / NCIMB 10442 / H16 / Stanier 337) (Ralstonia eutropha)	485		plasma membrane [GO:0005886]	plasma membrane [GO:0005886]; ATP binding [GO:0005524]; phosphorelay sensor kinase activity [GO:0000155]	ATP binding [GO:0005524]; phosphorelay sensor kinase activity [GO:0000155]	GO:0000155; GO:0005524; GO:0005886	reh:H16_B1646	-1.1984323923416227	0.0005338728264800501	2.502809765177145	0.003141884638095295
Q0K0Q5	24.968762520598982	24.86641728121886	24.804219765510933	23.82857209948413	23.80441313921962	23.72498804634999	6	7	8	7	6	5	No	No	No	No	No	No	Q0K0Q5_CUPNH	ABC-type transporter, periplasmic component: PAAT family (Amino acid ABC transporter substrate-binding protein)	H16_B1634 E6A55_27445	Cupriavidus necator (strain ATCC 17699 / DSM 428 / KCTC 22496 / NCIMB 10442 / H16 / Stanier 337) (Ralstonia eutropha)	312	amino acid transport [GO:0006865]	extracellular region [GO:0005576]; outer membrane-bounded periplasmic space [GO:0030288]	extracellular region [GO:0005576]; outer membrane-bounded periplasmic space [GO:0030288]; amino acid transport [GO:0006865]		GO:0005576; GO:0006865; GO:0030288	reh:H16_B1634	-1.0938087607583427	4.428161600397613e-05	3.2024096638338184	0.0006274661995903219
Q0K0V6	28.436821352037985	28.507800341843957	28.573650215794377	27.39080747862013	27.377799570461505	27.234852832950413	38	39	40	37	34	34	No	No	No	No	No	No	METE_CUPNH	5-methyltetrahydropteroyltriglutamate--homocysteine methyltransferase (EC 2.1.1.14) (Cobalamin-independent methionine synthase) (Methionine synthase, vitamin-B12 independent isozyme)	metE H16_B1581	Cupriavidus necator (strain ATCC 17699 / DSM 428 / KCTC 22496 / NCIMB 10442 / H16 / Stanier 337) (Ralstonia eutropha)	792	methionine biosynthetic process [GO:0009086]; methylation [GO:0032259]		5-methyltetrahydropteroyltriglutamate-homocysteine S-methyltransferase activity [GO:0003871]; zinc ion binding [GO:0008270]; methionine biosynthetic process [GO:0009086]; methylation [GO:0032259]	5-methyltetrahydropteroyltriglutamate-homocysteine S-methyltransferase activity [GO:0003871]; zinc ion binding [GO:0008270]	GO:0003871; GO:0008270; GO:0009086; GO:0032259	reh:H16_B1581	-1.1716040092147537	5.1389216871502045e-05	3.156332365475085	0.0006976982513856487
Q0K0Z2	27.20152383611837	27.18726021536948	27.06560174720238	25.557969114381788	25.354493707461582	25.33145733485468	10	10	11	5	8	6	No	No	No	No	No	No	Q0K0Z2_CUPNH	MBL fold metallo-hydrolase (Zn-dependent hydrolase or glyoxylase (EC 3.1.2.-))	H16_B1545 E6A55_26995	Cupriavidus necator (strain ATCC 17699 / DSM 428 / KCTC 22496 / NCIMB 10442 / H16 / Stanier 337) (Ralstonia eutropha)	319	antibiotic catabolic process [GO:0017001]; response to antibiotic [GO:0046677]	periplasmic space [GO:0042597]	periplasmic space [GO:0042597]; hydrolase activity [GO:0016787]; metal ion binding [GO:0046872]; antibiotic catabolic process [GO:0017001]; response to antibiotic [GO:0046677]	hydrolase activity [GO:0016787]; metal ion binding [GO:0046872]	GO:0016787; GO:0017001; GO:0042597; GO:0046677; GO:0046872	reh:H16_B1545	-1.7368218806640563	3.217698907276287e-05	3.2927961936220598	0.0005095699467189794
Q0K1F3	28.597324151316258	28.647785665311996	28.71072836671564	24.73465707418189	24.932859679818172	24.78644250659136	76	77	79	9	10	9	No	No	No	No	No	No	Q0K1F3_CUPNH	ATP-dependent Clp protease ATP-binding subunit (ATP-dependent protease Clp, ATPase subunit)	clpC2 H16_B1382 E6A55_26160	Cupriavidus necator (strain ATCC 17699 / DSM 428 / KCTC 22496 / NCIMB 10442 / H16 / Stanier 337) (Ralstonia eutropha)	924	cellular response to heat [GO:0034605]; proteolysis [GO:0006508]	cytoplasm [GO:0005737]	cytoplasm [GO:0005737]; ATP binding [GO:0005524]; ATP hydrolysis activity [GO:0016887]; peptidase activity [GO:0008233]; cellular response to heat [GO:0034605]; proteolysis [GO:0006508]	ATP binding [GO:0005524]; ATP hydrolysis activity [GO:0016887]; peptidase activity [GO:0008233]	GO:0005524; GO:0005737; GO:0006508; GO:0008233; GO:0016887; GO:0034605	reh:H16_B1382	-3.8339596409174916	5.859825261334207e-07	4.198245003523155	6.335122199197982e-05
Q0K1V5	22.66994514102868	22.971431329752008	23.116709396891107	21.56159153997051	21.849381897139708	21.6812954325215	8	9	10	4	6	7	No	No	No	No	No	No	Q0K1V5_CUPNH	Glucans biosynthesis protein G	opgG H16_B1229	Cupriavidus necator (strain ATCC 17699 / DSM 428 / KCTC 22496 / NCIMB 10442 / H16 / Stanier 337) (Ralstonia eutropha)	575	beta-glucan biosynthetic process [GO:0051274]	outer membrane-bounded periplasmic space [GO:0030288]	outer membrane-bounded periplasmic space [GO:0030288]; carbohydrate binding [GO:0030246]; glycosyltransferase activity [GO:0016757]; beta-glucan biosynthetic process [GO:0051274]	carbohydrate binding [GO:0030246]; glycosyltransferase activity [GO:0016757]	GO:0016757; GO:0030246; GO:0030288; GO:0051274	reh:H16_B1229	-1.221938999346694	0.0014279349972774644	2.2027086171848795	0.006270344221149157
Q0K1W0	23.37593025847137	23.3913992000446	23.251996669788102	22.3911876818339	22.0981474556666	22.08082527199443	3	3	3	2	2	2	No	No	No	No	No	No	Q0K1W0_CUPNH	Surface-adhesin protein E-like domain-containing protein	H16_B1224 E6A55_25400	Cupriavidus necator (strain ATCC 17699 / DSM 428 / KCTC 22496 / NCIMB 10442 / H16 / Stanier 337) (Ralstonia eutropha)	195						reh:H16_B1224	-1.1497219062697148	0.0004723390155008079	2.5372056945801846	0.002902647549993386
Q0K2M2	26.44001438755152	26.317252874696617	26.104113687494877	21.535544921471857	21.6335967910508	22.02862964552884	9	9	9	2	2	3	No	No	No	No	No	No	Q0K2M2_CUPNH	Pyruvate kinase (EC 2.7.1.40)	pyk3 pyk H16_B0961 E6A55_24035	Cupriavidus necator (strain ATCC 17699 / DSM 428 / KCTC 22496 / NCIMB 10442 / H16 / Stanier 337) (Ralstonia eutropha)	472			ATP binding [GO:0005524]; kinase activity [GO:0016301]; magnesium ion binding [GO:0000287]; potassium ion binding [GO:0030955]; pyruvate kinase activity [GO:0004743]	ATP binding [GO:0005524]; kinase activity [GO:0016301]; magnesium ion binding [GO:0000287]; potassium ion binding [GO:0030955]; pyruvate kinase activity [GO:0004743]	GO:0000287; GO:0004743; GO:0005524; GO:0016301; GO:0030955	reh:H16_B0961	-4.554536530563837	1.4433196417059245e-05	3.480439885375118	0.00033079589734065994
Q0K2M4	20.59951009592861	21.109618884742662	21.473939977294418	19.787574292508857	19.615879743120104	19.824910281098095	3	3	3	2	2	2	No	No	No	No	No	No	Q0K2M4_CUPNH	Cytochrome c biogenesis factor	ccmH2 H16_B0959 E6A55_24025	Cupriavidus necator (strain ATCC 17699 / DSM 428 / KCTC 22496 / NCIMB 10442 / H16 / Stanier 337) (Ralstonia eutropha)	345		plasma membrane [GO:0005886]	plasma membrane [GO:0005886]		GO:0005886	reh:H16_B0959	-1.3182348804128772	0.007289837365712099	1.6953005252113547	0.02016970167821196
Q0K347	22.66266946725848	22.510278746061413	22.348919310129	20.812341444947897	21.33122313942303	21.295125666601493	7	8	12	2	2	2	No	No	No	No	No	No	Q0K347_CUPNH	Outer membrane receptor, TonB-dependent (TonB-dependent siderophore receptor)	H16_B0785 E6A55_23110	Cupriavidus necator (strain ATCC 17699 / DSM 428 / KCTC 22496 / NCIMB 10442 / H16 / Stanier 337) (Ralstonia eutropha)	727		cell outer membrane [GO:0009279]	cell outer membrane [GO:0009279]; siderophore uptake transmembrane transporter activity [GO:0015344]; signaling receptor activity [GO:0038023]	siderophore uptake transmembrane transporter activity [GO:0015344]; signaling receptor activity [GO:0038023]	GO:0009279; GO:0015344; GO:0038023	reh:H16_B0785	-1.3610590908254885	0.0020190609358809574	2.102937080544717	0.007889744139004706
Q0K356	20.448391765522235	19.973590682261097	21.61000885022529	18.787315937269216	17.587587089565318	18.707116433438863	0	0	0	1	1	2	Si	Si	Si	No	No	No	Q0K356_CUPNH	Nitrate reductase (EC 1.7.1.1)	H16_B0776 E6A55_23065	Cupriavidus necator (strain ATCC 17699 / DSM 428 / KCTC 22496 / NCIMB 10442 / H16 / Stanier 337) (Ralstonia eutropha)	909	cellular respiration [GO:0045333]; nitrate assimilation [GO:0042128]	membrane [GO:0016020]; oxidoreductase complex [GO:1990204]	membrane [GO:0016020]; oxidoreductase complex [GO:1990204]; 4 iron, 4 sulfur cluster binding [GO:0051539]; metal ion binding [GO:0046872]; molybdopterin cofactor binding [GO:0043546]; nitrate reductase (NADH) activity [GO:0009703]; cellular respiration [GO:0045333]; nitrate assimilation [GO:0042128]	4 iron, 4 sulfur cluster binding [GO:0051539]; metal ion binding [GO:0046872]; molybdopterin cofactor binding [GO:0043546]; nitrate reductase (NADH) activity [GO:0009703]	GO:0009703; GO:0016020; GO:0042128; GO:0043546; GO:0045333; GO:0046872; GO:0051539; GO:1990204	reh:H16_B0776	-2.316657279245078	0.02033620120102928	1.3503477159524337	0.04463261000436427
Q0K362	24.175315129633685	24.249822953215787	24.32771426719176	22.759628144942088	22.670641078210583	22.547384368404177	5	6	6	5	6	6	No	No	No	No	No	No	Q0K362_CUPNH	Flavin-nucleotide-binding protein	H16_B0765 E6A55_23010	Cupriavidus necator (strain ATCC 17699 / DSM 428 / KCTC 22496 / NCIMB 10442 / H16 / Stanier 337) (Ralstonia eutropha)	324						reh:H16_B0765	-1.5917329194947953	3.0151452478110898e-05	3.308298630493864	0.0004917013147085255
Q0K3P1	23.289054140716583	23.423428492401264	23.46673880547625	21.38915502117738	21.559389982868954	21.356160412064423	3	3	3	2	2	2	No	No	No	No	No	No	Q0K3P1_CUPNH	histidine kinase (EC 2.7.13.3)	H16_B0586	Cupriavidus necator (strain ATCC 17699 / DSM 428 / KCTC 22496 / NCIMB 10442 / H16 / Stanier 337) (Ralstonia eutropha)	472		membrane [GO:0016020]	membrane [GO:0016020]; phosphorelay sensor kinase activity [GO:0000155]	phosphorelay sensor kinase activity [GO:0000155]	GO:0000155; GO:0016020	reh:H16_B0586	-1.9581720074944435	1.8792845614561543e-05	3.423030623667377	0.00037754556788962987
Q0K3R7	22.7797807238374	22.841080840348564	22.84607723474659	21.758798572960416	21.895360621379066	21.774905265761827	3	4	3	3	2	1	No	No	No	No	No	No	Q0K3R7_CUPNH	nicotinate-nucleotide diphosphorylase (carboxylating) (EC 2.4.2.19) (Quinolinate phosphoribosyltransferase [decarboxylating])	nadC H16_B0560 E6A55_21975	Cupriavidus necator (strain ATCC 17699 / DSM 428 / KCTC 22496 / NCIMB 10442 / H16 / Stanier 337) (Ralstonia eutropha)	277	NAD biosynthetic process [GO:0009435]; quinolinate catabolic process [GO:0034213]	cytoplasm [GO:0005737]	cytoplasm [GO:0005737]; nicotinate-nucleotide diphosphorylase (carboxylating) activity [GO:0004514]; NAD biosynthetic process [GO:0009435]; quinolinate catabolic process [GO:0034213]	nicotinate-nucleotide diphosphorylase (carboxylating) activity [GO:0004514]	GO:0004514; GO:0005737; GO:0009435; GO:0034213	reh:H16_B0560	-1.012624779610416	3.0020534586600133e-05	3.308298630493864	0.0004917013147085255
Q0K4G1	25.138745482631887	25.243388561509228	25.204703464078452	23.87672312210853	24.132024128803668	24.092643582714963	9	10	9	5	8	8	No	No	No	No	No	No	Q0K4G1_CUPNH	Acetolactate synthase large subunit (TPP dependent) (EC 2.2.1.6) (Thiamine pyrophosphate-binding protein)	H16_B0313 E6A55_20685	Cupriavidus necator (strain ATCC 17699 / DSM 428 / KCTC 22496 / NCIMB 10442 / H16 / Stanier 337) (Ralstonia eutropha)	564	isoleucine biosynthetic process [GO:0009097]; L-valine biosynthetic process [GO:0009099]	acetolactate synthase complex [GO:0005948]	acetolactate synthase complex [GO:0005948]; acetolactate synthase activity [GO:0003984]; flavin adenine dinucleotide binding [GO:0050660]; magnesium ion binding [GO:0000287]; thiamine pyrophosphate binding [GO:0030976]; isoleucine biosynthetic process [GO:0009097]; L-valine biosynthetic process [GO:0009099]	acetolactate synthase activity [GO:0003984]; flavin adenine dinucleotide binding [GO:0050660]; magnesium ion binding [GO:0000287]; thiamine pyrophosphate binding [GO:0030976]	GO:0000287; GO:0003984; GO:0005948; GO:0009097; GO:0009099; GO:0030976; GO:0050660	reh:H16_B0313	-1.161815558197464	0.0001661812854066925	2.837930257924416	0.0014523448266531
Q0K4P0	24.430396300821485	24.26915757306217	24.159483876641403	21.92341380739933	21.024212722294816	21.196264804816604	6	6	6	3	4	4	No	No	No	No	No	No	Q0K4P0_CUPNH	Methyl-accepting chemotaxis protein	H16_B0233 E6A55_20270	Cupriavidus necator (strain ATCC 17699 / DSM 428 / KCTC 22496 / NCIMB 10442 / H16 / Stanier 337) (Ralstonia eutropha)	619	chemotaxis [GO:0006935]; signal transduction [GO:0007165]	plasma membrane [GO:0005886]	plasma membrane [GO:0005886]; transmembrane signaling receptor activity [GO:0004888]; chemotaxis [GO:0006935]; signal transduction [GO:0007165]	transmembrane signaling receptor activity [GO:0004888]	GO:0004888; GO:0005886; GO:0006935; GO:0007165	reh:H16_B0233	-2.905048805338101	0.0005331770589059957	2.502809765177145	0.003141884638095295
Q0K5J0	23.538127255526653	23.29487003528307	23.20585065483164	22.42932535881374	21.921059763863713	21.37662297174594	4	4	4	4	2	1	No	No	No	No	No	No	Q0K5J0_CUPNH	peptidoglycan glycosyltransferase (EC 2.4.99.28)	pbpC H16_A3674	Cupriavidus necator (strain ATCC 17699 / DSM 428 / KCTC 22496 / NCIMB 10442 / H16 / Stanier 337) (Ralstonia eutropha)	746	peptidoglycan biosynthetic process [GO:0009252]; proteolysis [GO:0006508]	outer membrane-bounded periplasmic space [GO:0030288]	outer membrane-bounded periplasmic space [GO:0030288]; carboxypeptidase activity [GO:0004180]; penicillin binding [GO:0008658]; peptidoglycan glycosyltransferase activity [GO:0008955]; peptidoglycan biosynthetic process [GO:0009252]; proteolysis [GO:0006508]	carboxypeptidase activity [GO:0004180]; penicillin binding [GO:0008658]; peptidoglycan glycosyltransferase activity [GO:0008955]	GO:0004180; GO:0006508; GO:0008658; GO:0008955; GO:0009252; GO:0030288	reh:H16_A3674	-1.437279950405987	0.010865135611838628	1.5609365625487723	0.02748295567673913
Q0K654	25.450187429733973	25.352219497560885	25.26001605833583	24.28960794623668	24.091601340841756	24.177187223612563	3	3	3	3	3	3	No	No	No	No	No	No	Q0K654_CUPNH	ABC-type transporter, permease component: cytochrome c assembly	H16_A3449	Cupriavidus necator (strain ATCC 17699 / DSM 428 / KCTC 22496 / NCIMB 10442 / H16 / Stanier 337) (Ralstonia eutropha)	399	cytochrome complex assembly [GO:0017004]	plasma membrane [GO:0005886]	plasma membrane [GO:0005886]; heme binding [GO:0020037]; cytochrome complex assembly [GO:0017004]	heme binding [GO:0020037]	GO:0005886; GO:0017004; GO:0020037	reh:H16_A3449	-1.1680088249798963	0.0001241804771017169	2.922155209440589	0.0011963129130690153
Q0K6L4	26.09120712096602	26.175766147524985	26.160899159186595	24.84346698850543	24.922194847073516	24.85651976003462	19	19	19	15	17	16	No	No	No	No	No	No	COQ7_CUPNH	3-demethoxyubiquinol 3-hydroxylase (DMQ hydroxylase) (EC 1.14.99.60) (2-nonaprenyl-3-methyl-6-methoxy-1,4-benzoquinol hydroxylase)	coq7 H16_A3283	Cupriavidus necator (strain ATCC 17699 / DSM 428 / KCTC 22496 / NCIMB 10442 / H16 / Stanier 337) (Ralstonia eutropha)	207	ubiquinone biosynthetic process [GO:0006744]	plasma membrane [GO:0005886]	plasma membrane [GO:0005886]; 3-demethoxyubiquinol 3-hydroxylase activity [GO:0008682]; metal ion binding [GO:0046872]; ubiquinone biosynthetic process [GO:0006744]	3-demethoxyubiquinol 3-hydroxylase activity [GO:0008682]; metal ion binding [GO:0046872]	GO:0005886; GO:0006744; GO:0008682; GO:0046872	reh:H16_A3283	-1.268563610688009	3.733510144194449e-06	3.7887233720400504	0.0001626584494164716
Q0K6Y2	22.773643093707005	23.01896496886167	23.39052987906787	21.491587763670456	22.15521771008075	22.27952183897959	6	6	5	4	4	4	No	No	No	No	No	No	Q0K6Y2_CUPNH	Glucose 1-dehydrogenase (EC 1.1.1.47) (Predicted short chain dehydrogenase)	H16_A3164 E6A55_16120	Cupriavidus necator (strain ATCC 17699 / DSM 428 / KCTC 22496 / NCIMB 10442 / H16 / Stanier 337) (Ralstonia eutropha)	246			oxidoreductase activity, acting on the CH-OH group of donors, NAD or NADP as acceptor [GO:0016616]	oxidoreductase activity, acting on the CH-OH group of donors, NAD or NADP as acceptor [GO:0016616]	GO:0016616	reh:H16_A3164	-1.0856035429685846	0.023174278405621473	1.3074302221651406	0.049268549647493866
Q0K762	26.394475039095447	26.4786341703006	26.555099639418017	25.397551507330547	25.43250819482015	25.37051014797387	8	8	9	7	7	7	No	No	No	No	No	No	PANB_CUPNH	3-methyl-2-oxobutanoate hydroxymethyltransferase (EC 2.1.2.11) (Ketopantoate hydroxymethyltransferase) (KPHMT)	panB H16_A3084	Cupriavidus necator (strain ATCC 17699 / DSM 428 / KCTC 22496 / NCIMB 10442 / H16 / Stanier 337) (Ralstonia eutropha)	273	pantothenate biosynthetic process [GO:0015940]	cytoplasm [GO:0005737]	cytoplasm [GO:0005737]; 3-methyl-2-oxobutanoate hydroxymethyltransferase activity [GO:0003864]; magnesium ion binding [GO:0000287]; pantothenate biosynthetic process [GO:0015940]	3-methyl-2-oxobutanoate hydroxymethyltransferase activity [GO:0003864]; magnesium ion binding [GO:0000287]	GO:0000287; GO:0003864; GO:0005737; GO:0015940	reh:H16_A3084	-1.0758796662298344	2.701687274434239e-05	3.3258472989967554	0.00047222905114212836
Q0K788	23.504860344502983	23.17945787065538	23.244308266470625	22.2050827135886	21.745281603267703	21.99304426539355	4	4	4	4	4	4	No	No	No	No	No	No	Q0K788_CUPNH	Uncharacterized protein	H16_A3058 E6A55_15585	Cupriavidus necator (strain ATCC 17699 / DSM 428 / KCTC 22496 / NCIMB 10442 / H16 / Stanier 337) (Ralstonia eutropha)	67						reh:H16_A3058	-1.3284059664597123	0.00132101762951777	2.224761572190915	0.005959892520189136
Q0K794	26.411778393548047	26.53896675202605	26.670660761274323	25.03078956460251	25.155441960949663	25.16073328997831	40	42	42	31	34	30	No	No	No	No	No	No	Q0K794_CUPNH	ATP-dependent Clp protease ATP-binding subunit ClpA (ATP-dependent protease Clp, ATPase subunit)	clpA H16_A3052 E6A55_15555	Cupriavidus necator (strain ATCC 17699 / DSM 428 / KCTC 22496 / NCIMB 10442 / H16 / Stanier 337) (Ralstonia eutropha)	764	cellular response to heat [GO:0034605]; protein unfolding [GO:0043335]; proteolysis [GO:0006508]	cytoplasm [GO:0005737]	cytoplasm [GO:0005737]; ATP binding [GO:0005524]; ATP hydrolysis activity [GO:0016887]; peptidase activity [GO:0008233]; cellular response to heat [GO:0034605]; protein unfolding [GO:0043335]; proteolysis [GO:0006508]	ATP binding [GO:0005524]; ATP hydrolysis activity [GO:0016887]; peptidase activity [GO:0008233]	GO:0005524; GO:0005737; GO:0006508; GO:0008233; GO:0016887; GO:0034605; GO:0043335	reh:H16_A3052	-1.4248136971059786	7.758174589260785e-05	3.0481268774899695	0.0008951032263261752
Q0K7X1	26.666506290588103	26.569205864353396	26.55101835336405	25.78951623090037	25.384712067552933	25.39708299874997	8	7	9	7	7	7	No	No	No	No	No	No	Q0K7X1_CUPNH	DUF3318 domain-containing protein	H16_A2822 E6A55_14400	Cupriavidus necator (strain ATCC 17699 / DSM 428 / KCTC 22496 / NCIMB 10442 / H16 / Stanier 337) (Ralstonia eutropha)	168						reh:H16_A2822	-1.071806403700755	0.0014680264265657494	2.194533635636539	0.006389492495056137
Q0K8F7	28.649528923524752	28.324244546904374	28.25977989741565	27.130642124019285	27.430927516121113	27.489503125065777	3	3	3	3	3	3	No	No	No	No	No	No	Q0K8F7_CUPNH	Succinate dehydrogenase cytochrome b556 subunit	sdhC H16_A2632 E6A55_13445	Cupriavidus necator (strain ATCC 17699 / DSM 428 / KCTC 22496 / NCIMB 10442 / H16 / Stanier 337) (Ralstonia eutropha)	136	tricarboxylic acid cycle [GO:0006099]	membrane [GO:0016020]	membrane [GO:0016020]; electron transfer activity [GO:0009055]; metal ion binding [GO:0046872]; oxidoreductase activity [GO:0016491]; tricarboxylic acid cycle [GO:0006099]	electron transfer activity [GO:0009055]; metal ion binding [GO:0046872]; oxidoreductase activity [GO:0016491]	GO:0006099; GO:0009055; GO:0016020; GO:0016491; GO:0046872	reh:H16_A2632	-1.0608268675462007	0.002944044520133952	1.9828315427980623	0.010403236156275036
Q0K8H6	24.21821517790005	24.366749998264513	24.296275671131035	23.48468629431183	23.104772465052083	23.182390977338624	6	8	8	2	6	2	No	No	No	No	No	No	Q0K8H6_CUPNH	Methyltransferase (EC 2.1.1.-)	H16_A2613 E6A55_13350	Cupriavidus necator (strain ATCC 17699 / DSM 428 / KCTC 22496 / NCIMB 10442 / H16 / Stanier 337) (Ralstonia eutropha)	308	DNA restriction-modification system [GO:0009307]; methylation [GO:0032259]	cytoplasm [GO:0005737]	cytoplasm [GO:0005737]; DNA binding [GO:0003677]; N-methyltransferase activity [GO:0008170]; site-specific DNA-methyltransferase (adenine-specific) activity [GO:0009007]; DNA restriction-modification system [GO:0009307]; methylation [GO:0032259]	DNA binding [GO:0003677]; N-methyltransferase activity [GO:0008170]; site-specific DNA-methyltransferase (adenine-specific) activity [GO:0009007]	GO:0003677; GO:0005737; GO:0008170; GO:0009007; GO:0009307; GO:0032259	reh:H16_A2613	-1.0364637035310231	0.0011054826738403052	2.282202439802545	0.0052215273866340626
Q0K8K4	26.051594465772684	25.7194482606346	25.620392667257992	24.923900747449913	24.646180827537577	24.576930626229473	2	2	2	2	2	2	No	No	No	No	No	No	Q0K8K4_CUPNH	Hypothetical membrane spanning protein	H16_A2584 E6A55_13205	Cupriavidus necator (strain ATCC 17699 / DSM 428 / KCTC 22496 / NCIMB 10442 / H16 / Stanier 337) (Ralstonia eutropha)	93						reh:H16_A2584	-1.0814743974827685	0.0029994928418159887	1.9794045506493605	0.010485652221869306
Q0K9K3	24.136873797119907	24.331494095509225	24.475408024998508	22.46534207193303	22.736831421209583	22.802371954806024	5	6	7	2	3	3	No	No	No	No	No	No	Q0K9K3_CUPNH	Zn-dependent protease with chaperone function (EC 3.4.24.-)	htpX1 H16_A2221	Cupriavidus necator (strain ATCC 17699 / DSM 428 / KCTC 22496 / NCIMB 10442 / H16 / Stanier 337) (Ralstonia eutropha)	270	proteolysis involved in protein catabolic process [GO:0051603]	membrane [GO:0016020]	membrane [GO:0016020]; metal ion binding [GO:0046872]; metalloendopeptidase activity [GO:0004222]; proteolysis involved in protein catabolic process [GO:0051603]	metal ion binding [GO:0046872]; metalloendopeptidase activity [GO:0004222]	GO:0004222; GO:0016020; GO:0046872; GO:0051603	reh:H16_A2221	-1.6464101565596714	0.00031929035531515177	2.650716159819837	0.0022350324872060625
Q0KA08	24.567190372903863	24.301201615031893	24.10146652796195	22.71853528518273	22.52372713129453	22.647115432614267	6	6	6	5	6	6	No	No	No	No	No	No	Q0KA08_CUPNH	Ferritin-like domain-containing protein	H16_A2063 E6A55_10575	Cupriavidus necator (strain ATCC 17699 / DSM 428 / KCTC 22496 / NCIMB 10442 / H16 / Stanier 337) (Ralstonia eutropha)	275			oxidoreductase activity [GO:0016491]	oxidoreductase activity [GO:0016491]	GO:0016491	reh:H16_A2063	-1.693493555602057	0.00031908268837358377	2.650716159819837	0.0022350324872060625
Q0KAD6	23.527851726805952	23.101089912795235	22.951392012268197	22.436885193020515	21.99400988791119	22.01274241019464	3	3	3	2	2	3	No	No	No	No	No	No	Q0KAD6_CUPNH	Threonine dehydrogenase (Zn dependent) (EC 1.1.1.103) (Zn-dependent oxidoreductase)	tdh H16_A1934 E6A55_09890	Cupriavidus necator (strain ATCC 17699 / DSM 428 / KCTC 22496 / NCIMB 10442 / H16 / Stanier 337) (Ralstonia eutropha)	344			L-threonine 3-dehydrogenase activity [GO:0008743]; zinc ion binding [GO:0008270]	L-threonine 3-dehydrogenase activity [GO:0008743]; zinc ion binding [GO:0008270]	GO:0008270; GO:0008743	reh:H16_A1934	-1.0455653869143475	0.00971999876822671	1.595929781650314	0.025355385526768335
Q0KAG3	24.58446819135616	24.54609074183486	24.493438343534308	21.593678341987665	21.58028747016296	21.59336202415963	12	13	14	1	3	0	No	No	No	No	No	Si	Q0KAG3_CUPNH	Aconitate hydratase (Aconitase) (EC 4.2.1.3)	acnM acnD H16_A1907 E6A55_09755	Cupriavidus necator (strain ATCC 17699 / DSM 428 / KCTC 22496 / NCIMB 10442 / H16 / Stanier 337) (Ralstonia eutropha)	870	propionate metabolic process, methylcitrate cycle [GO:0019679]		4 iron, 4 sulfur cluster binding [GO:0051539]; aconitate hydratase activity [GO:0003994]; metal ion binding [GO:0046872]; propionate metabolic process, methylcitrate cycle [GO:0019679]	4 iron, 4 sulfur cluster binding [GO:0051539]; aconitate hydratase activity [GO:0003994]; metal ion binding [GO:0046872]	GO:0003994; GO:0019679; GO:0046872; GO:0051539	reh:H16_A1907	-2.952223146805025	4.0432576228010515e-08	4.706185741394037	1.9670448334927116e-05
Q0KAU4	23.54747216685042	23.387504500255236	23.184237287370728	22.37707845795279	22.294349191787212	22.332327472486835	2	2	2	2	2	2	No	No	No	No	No	No	Q0KAU4_CUPNH	NAD(P)/FAD-dependent oxidoreductase (Putative dehydrogenase, oxidoreductase FAD flavoprotein)	H16_A1764 E6A55_08965	Cupriavidus necator (strain ATCC 17699 / DSM 428 / KCTC 22496 / NCIMB 10442 / H16 / Stanier 337) (Ralstonia eutropha)	403	NADH oxidation [GO:0006116]		NADH dehydrogenase activity [GO:0003954]; NADH oxidation [GO:0006116]	NADH dehydrogenase activity [GO:0003954]	GO:0003954; GO:0006116	reh:H16_A1764	-1.0384862774165136	0.000649074653589774	2.445105177313183	0.003588350215584376
Q0KBV4	32.36179077449157	32.38870730572758	32.76588803879356	25.397086938359916	25.509930060367875	25.32528025036652	39	40	40	13	13	12	No	No	No	No	No	No	Q0KBV4_CUPNH	Phasin (Phasin family protein)	phaP1 H16_A1381 E6A55_06975	Cupriavidus necator (strain ATCC 17699 / DSM 428 / KCTC 22496 / NCIMB 10442 / H16 / Stanier 337) (Ralstonia eutropha)	192						reh:H16_A1381	-7.0946962899727986	9.357227940727131e-07	4.15468330308169	7.003525220251922e-05
Q0KBX4	25.179349586189804	24.766537997412847	24.72432100952306	22.858494711293982	23.943482351950156	23.7562735523621	8	9	8	7	9	9	No	No	No	No	No	No	Q0KBX4_CUPNH	Uncharacterized protein	H16_A1359 E6A55_06865	Cupriavidus necator (strain ATCC 17699 / DSM 428 / KCTC 22496 / NCIMB 10442 / H16 / Stanier 337) (Ralstonia eutropha)	119						reh:H16_A1359	-1.3706526591731603	0.019849667489825643	1.3569280791604352	0.04396144112503873
Q0KCI8	28.281855178428195	28.290132171957055	28.17755366526763	27.043738426815093	27.054689341582808	27.19419592166096	16	17	16	14	15	15	No	No	No	No	No	No	Q0KCI8_CUPNH	Putative NADH dehydrogenase/NAD(P)H nitroreductase H16_A1142 (EC 1.-.-.-)	nfnB1 H16_A1142 E6A55_05760	Cupriavidus necator (strain ATCC 17699 / DSM 428 / KCTC 22496 / NCIMB 10442 / H16 / Stanier 337) (Ralstonia eutropha)	195			oxidoreductase activity [GO:0016491]	oxidoreductase activity [GO:0016491]	GO:0016491	reh:H16_A1142	-1.152305775198009	4.4708498868907765e-05	3.200346162213363	0.0006304546289774965
Q0KCY5	26.710833213541253	26.520070446221492	26.279735435193817	25.030294522456582	24.973675493437543	24.992610253873863	11	11	11	8	9	9	No	No	No	No	No	No	Q0KCY5_CUPNH	Membrane protein	H16_A0993 E6A55_05025	Cupriavidus necator (strain ATCC 17699 / DSM 428 / KCTC 22496 / NCIMB 10442 / H16 / Stanier 337) (Ralstonia eutropha)	268						reh:H16_A0993	-1.5046862750628591	0.0002802040630383223	2.6882643723102566	0.0020499139348593054
Q0KCY6	25.913846264540773	26.213757983712192	26.27175069549267	25.044378576559893	25.105889117667576	25.03973718658591	13	13	13	11	11	9	No	No	No	No	No	No	Q0KCY6_CUPNH	Lipoprotein	H16_A0992 E6A55_05020	Cupriavidus necator (strain ATCC 17699 / DSM 428 / KCTC 22496 / NCIMB 10442 / H16 / Stanier 337) (Ralstonia eutropha)	113						reh:H16_A0992	-1.0697833543107542	0.0006929769763504219	2.422400881295965	0.00378093419433062
Q0KCY8	24.919546046928687	25.022472004053807	25.09801072652398	23.826352389791904	24.03896082222719	24.033908503951377	15	14	16	12	14	13	No	No	No	No	No	No	Q0KCY8_CUPNH	Outer membrane protein and related peptidoglycan-associated (Lipo)proteins	H16_A0990	Cupriavidus necator (strain ATCC 17699 / DSM 428 / KCTC 22496 / NCIMB 10442 / H16 / Stanier 337) (Ralstonia eutropha)	308		cell outer membrane [GO:0009279]	cell outer membrane [GO:0009279]		GO:0009279	reh:H16_A0990	-1.0469356871786673	0.000274253925265644	2.694818415521305	0.0020192104467866762
Q0KD94	22.90763993019888	22.778620291688508	22.654341760246556	21.89288886221398	21.374513548068457	21.473789614391524	4	4	4	3	2	2	No	No	No	No	No	No	Q0KD94_CUPNH	Reverse transcriptase like protein	rvt H16_A0880	Cupriavidus necator (strain ATCC 17699 / DSM 428 / KCTC 22496 / NCIMB 10442 / H16 / Stanier 337) (Ralstonia eutropha)	1184			RNA-directed DNA polymerase activity [GO:0003964]	RNA-directed DNA polymerase activity [GO:0003964]	GO:0003964	reh:H16_A0880	-1.1998033191533288	0.0023631415278792334	2.052813630499326	0.008854955224492277
Q0KEF0	29.537336669612184	29.605801883856525	29.69858115114614	28.001519949801356	27.984144910141364	27.954636751201978	30	29	30	21	23	22	No	No	No	No	No	No	Q0KEF0_CUPNH	Glutamate dehydrogenase	gdhA1 H16_A0471 E6A55_02380	Cupriavidus necator (strain ATCC 17699 / DSM 428 / KCTC 22496 / NCIMB 10442 / H16 / Stanier 337) (Ralstonia eutropha)	435	glutamate catabolic process [GO:0006538]		glutamate dehydrogenase (NAD+) activity [GO:0004352]; nucleotide binding [GO:0000166]; glutamate catabolic process [GO:0006538]	glutamate dehydrogenase (NAD+) activity [GO:0004352]; nucleotide binding [GO:0000166]	GO:0000166; GO:0004352; GO:0006538	reh:H16_A0471	-1.6338060311567197	4.703269178967196e-06	3.7374273332691903	0.00018305123644540326
Q0KEG4	24.78292582232399	24.698347058583305	24.783900475354702	23.792874089004385	23.625152894010537	23.762081366877176	4	4	5	5	5	4	No	No	No	No	No	No	Q0KEG4_CUPNH	Molybdopterin-guanine dinucleotide biosynthesis protein	mobB2 mobB H16_A0457 E6A55_02305	Cupriavidus necator (strain ATCC 17699 / DSM 428 / KCTC 22496 / NCIMB 10442 / H16 / Stanier 337) (Ralstonia eutropha)	171	Mo-molybdopterin cofactor biosynthetic process [GO:0006777]		GTP binding [GO:0005525]; Mo-molybdopterin cofactor biosynthetic process [GO:0006777]	GTP binding [GO:0005525]	GO:0005525; GO:0006777	reh:H16_A0457	-1.0283550021232983	6.289546042968463e-05	3.1035025252904265	0.0007879478497607272
Q0KEM4	25.56803435178374	25.217940035335	24.882962733881484	24.35180442486871	24.154032193654142	24.13744318208512	3	3	3	3	3	3	No	No	No	No	No	No	Q0KEM4_CUPNH	Na+/phosphate symporter (Na/Pi cotransporter family protein)	nptA1 H16_A0397 E6A55_02005	Cupriavidus necator (strain ATCC 17699 / DSM 428 / KCTC 22496 / NCIMB 10442 / H16 / Stanier 337) (Ralstonia eutropha)	559	sodium-dependent phosphate transport [GO:0044341]	plasma membrane [GO:0005886]	plasma membrane [GO:0005886]; sodium:phosphate symporter activity [GO:0005436]; sodium-dependent phosphate transport [GO:0044341]	sodium:phosphate symporter activity [GO:0005436]	GO:0005436; GO:0005886; GO:0044341	reh:H16_A0397	-1.008552440130753	0.008548627664939829	1.6414896651434538	0.02283023252878258
Q0KEQ8	26.71803466897591	26.768793439147412	26.962601151725902	25.67594938771589	25.797242885108393	25.642339047121197	5	5	6	3	5	5	No	No	No	No	No	No	Q0KEQ8_CUPNH	Maleylacetoacetate isomerase (EC 5.2.1.2)	maiA H16_A0362 E6A55_01835	Cupriavidus necator (strain ATCC 17699 / DSM 428 / KCTC 22496 / NCIMB 10442 / H16 / Stanier 337) (Ralstonia eutropha)	215	glutathione metabolic process [GO:0006749]; L-phenylalanine catabolic process [GO:0006559]	cytoplasm [GO:0005737]	cytoplasm [GO:0005737]; glutathione transferase activity [GO:0004364]; maleylacetoacetate isomerase activity [GO:0016034]; glutathione metabolic process [GO:0006749]; L-phenylalanine catabolic process [GO:0006559]	glutathione transferase activity [GO:0004364]; maleylacetoacetate isomerase activity [GO:0016034]	GO:0004364; GO:0005737; GO:0006559; GO:0006749; GO:0016034	reh:H16_A0362	-1.1112993133012488	0.00022762963328316657	2.7469110158950776	0.00179097277507699
Q0KEQ9	26.238198154163417	26.482687576727056	26.60821860332413	25.323766670645913	25.55790181584859	25.36703317759216	18	21	22	16	18	17	No	No	No	No	No	No	Q0KEQ9_CUPNH	FAA hydrolase family protein (Putative fumarylacetoacetat hydroxylase (EC 3.7.1.2))	H16_A0361 E6A55_01830	Cupriavidus necator (strain ATCC 17699 / DSM 428 / KCTC 22496 / NCIMB 10442 / H16 / Stanier 337) (Ralstonia eutropha)	233			acetylpyruvate hydrolase activity [GO:0018773]; fumarylacetoacetase activity [GO:0004334]; metal ion binding [GO:0046872]	acetylpyruvate hydrolase activity [GO:0018773]; fumarylacetoacetase activity [GO:0004334]; metal ion binding [GO:0046872]	GO:0004334; GO:0018773; GO:0046872	reh:H16_A0361	-1.0268008900426473	0.001401670536317282	2.208321420106718	0.006189827981104609
Q0KF10	27.57453691669314	27.463174919782382	27.396104473196527	26.398052053418983	26.393102409088115	26.47790481837838	11	11	10	8	8	8	No	No	No	No	No	No	Q0KF10_CUPNH	dihydroneopterin aldolase (EC 4.1.2.25) (7,8-dihydroneopterin aldolase)	folB H16_A0259 E6A55_01310	Cupriavidus necator (strain ATCC 17699 / DSM 428 / KCTC 22496 / NCIMB 10442 / H16 / Stanier 337) (Ralstonia eutropha)	133	folic acid biosynthetic process [GO:0046656]	cytoplasm [GO:0005737]	cytoplasm [GO:0005737]; dihydroneopterin aldolase activity [GO:0004150]; folic acid biosynthetic process [GO:0046656]	dihydroneopterin aldolase activity [GO:0004150]	GO:0004150; GO:0005737; GO:0046656	reh:H16_A0259	-1.054919009595526	5.690821771215767e-05	3.12789578375029	0.0007449107062860459
Q0KFN2	22.938525385089587	22.685611211451516	22.41362179969508	21.81486498910652	21.27285322716256	21.456665601247696	4	3	4	2	2	2	No	No	No	No	No	No	Q0KFN2_CUPNH	Taurine dioxygenase (EC 1.14.11.17)	H16_A0037 E6A55_00195	Cupriavidus necator (strain ATCC 17699 / DSM 428 / KCTC 22496 / NCIMB 10442 / H16 / Stanier 337) (Ralstonia eutropha)	291		cytoplasm [GO:0005737]	cytoplasm [GO:0005737]; taurine dioxygenase activity [GO:0000908]	taurine dioxygenase activity [GO:0000908]	GO:0000908; GO:0005737	reh:H16_A0037	-1.1644581929064692	0.006092703010442338	1.7538470623464228	0.01762596638997144
Q59100	30.890783909560977	30.964646210306388	30.984368847947295	24.40398124913197	24.528735712952972	24.394508757004044	35	35	35	6	8	8	No	No	No	No	No	No	ALF1_CUPNH	Fructose-bisphosphate aldolase, chromosomal (FBP aldolase) (FBPA) (EC 4.1.2.13) (Fructose-1,6-bisphosphate aldolase)	cbbAC cbbA2 H16_B1384	Cupriavidus necator (strain ATCC 17699 / DSM 428 / KCTC 22496 / NCIMB 10442 / H16 / Stanier 337) (Ralstonia eutropha)	345	glycolytic process [GO:0006096]; reductive pentose-phosphate cycle [GO:0019253]		fructose-bisphosphate aldolase activity [GO:0004332]; zinc ion binding [GO:0008270]; glycolytic process [GO:0006096]; reductive pentose-phosphate cycle [GO:0019253]	fructose-bisphosphate aldolase activity [GO:0004332]; zinc ion binding [GO:0008270]	GO:0004332; GO:0006096; GO:0008270; GO:0019253	reh:H16_B1384	-6.504191082908555	2.410232282514862e-08	4.851677010278007	1.4070936065321764e-05
Q59101	29.92169421067694	29.790823918690904	29.757120776251025	24.473664647970743	24.44087275191185	24.38514880370819	17	18	18	6	9	8	No	No	No	No	No	No	ALF2_CUPNH	Fructose-bisphosphate aldolase, plasmid (FBP aldolase) (FBPA) (EC 4.1.2.13) (Fructose-1,6-bisphosphate aldolase)	cbbAP PHG416	Cupriavidus necator (strain ATCC 17699 / DSM 428 / KCTC 22496 / NCIMB 10442 / H16 / Stanier 337) (Ralstonia eutropha)	345	glycolytic process [GO:0006096]; reductive pentose-phosphate cycle [GO:0019253]		fructose-bisphosphate aldolase activity [GO:0004332]; zinc ion binding [GO:0008270]; glycolytic process [GO:0006096]; reductive pentose-phosphate cycle [GO:0019253]	fructose-bisphosphate aldolase activity [GO:0004332]; zinc ion binding [GO:0008270]	GO:0004332; GO:0006096; GO:0008270; GO:0019253	reh:PHG416	-5.389984234009361	7.214404761048972e-08	4.5796553874345625	2.6323559371877436e-05
Q79IN9	32.59006108524164	32.7457436378987	32.91680150122752	26.296092361039147	26.656892406048296	26.529340739474577	29	28	29	13	13	14	No	No	No	No	No	No	Q79IN9_CUPNH	Cyclic nucleotide-binding domain-containing protein (HoxI)	hoxI PHG093 E6A55_32625	Cupriavidus necator (strain ATCC 17699 / DSM 428 / KCTC 22496 / NCIMB 10442 / H16 / Stanier 337) (Ralstonia eutropha)	167						reh:PHG093	-6.256760239268612	1.5703637213155105e-06	4.008636825380948	9.803094171417982e-05
Q79IP6	28.634040748844185	28.66173063458469	28.63694345330761	27.168228276391968	27.18809902562778	27.18032446491995	19	20	20	16	14	14	No	No	No	No	No	No	Q79IP6_CUPNH	HupV protein (Regulatory [NiFe] hydrogenase large subunit)	hoxC PHG021 E6A55_32295	Cupriavidus necator (strain ATCC 17699 / DSM 428 / KCTC 22496 / NCIMB 10442 / H16 / Stanier 337) (Ralstonia eutropha)	485		cell envelope [GO:0030313]	cell envelope [GO:0030313]; ferredoxin hydrogenase activity [GO:0008901]; nickel cation binding [GO:0016151]	ferredoxin hydrogenase activity [GO:0008901]; nickel cation binding [GO:0016151]	GO:0008901; GO:0016151; GO:0030313	reh:PHG021	-1.465354356598926	1.591850566655382e-08	4.934923599975361	1.161652951016765e-05
Q79IP7	26.165595866949	26.16323999762255	26.12985929354939	23.979805256416537	24.043365676245017	23.855013316291625	15	16	17	10	10	11	No	No	No	No	No	No	Q79IP7_CUPNH	hydrogenase (acceptor) (EC 1.12.99.6)	hoxB PHG020	Cupriavidus necator (strain ATCC 17699 / DSM 428 / KCTC 22496 / NCIMB 10442 / H16 / Stanier 337) (Ralstonia eutropha)	347	anaerobic respiration [GO:0009061]	[Ni-Fe] hydrogenase complex [GO:0044569]; cell envelope [GO:0030313]; ferredoxin hydrogenase complex [GO:0009375]; membrane [GO:0016020]	[Ni-Fe] hydrogenase complex [GO:0044569]; cell envelope [GO:0030313]; ferredoxin hydrogenase complex [GO:0009375]; membrane [GO:0016020]; 3 iron, 4 sulfur cluster binding [GO:0051538]; 4 iron, 4 sulfur cluster binding [GO:0051539]; electron transfer activity [GO:0009055]; ferredoxin hydrogenase activity [GO:0008901]; metal ion binding [GO:0046872]; anaerobic respiration [GO:0009061]	3 iron, 4 sulfur cluster binding [GO:0051538]; 4 iron, 4 sulfur cluster binding [GO:0051539]; electron transfer activity [GO:0009055]; ferredoxin hydrogenase activity [GO:0008901]; metal ion binding [GO:0046872]	GO:0008901; GO:0009055; GO:0009061; GO:0009375; GO:0016020; GO:0030313; GO:0044569; GO:0046872; GO:0051538; GO:0051539	reh:PHG020	-2.1935036363892593	2.6318736707385396e-06	3.8468946254165415	0.00014226739342381107
Q79IP8	25.759113165736913	25.838261665558154	25.77549386166808	22.9821006162615	23.009666746755208	23.064674347995577	15	15	16	4	6	3	No	No	No	No	No	No	Q79IP8_CUPNH	Hydrogenase maturation protein (HypX)	hypX PHG018 E6A55_32280	Cupriavidus necator (strain ATCC 17699 / DSM 428 / KCTC 22496 / NCIMB 10442 / H16 / Stanier 337) (Ralstonia eutropha)	597	biosynthetic process [GO:0009058]		catalytic activity [GO:0003824]; biosynthetic process [GO:0009058]	catalytic activity [GO:0003824]	GO:0003824; GO:0009058	reh:PHG018	-2.7721423273169563	1.391588233498265e-07	4.432647842233477	3.692769139619487e-05
Q7WXU0	26.3808286523094	26.52772276020831	26.582587159759036	24.81743032207625	24.98245801868132	24.917217121705487	8	7	8	7	7	6	No	No	No	No	No	No	Q7WXU0_CUPNH	histidine kinase (EC 2.7.13.3)	hoxJ PHG022 E6A55_32300	Cupriavidus necator (strain ATCC 17699 / DSM 428 / KCTC 22496 / NCIMB 10442 / H16 / Stanier 337) (Ralstonia eutropha)	466	regulation of DNA-templated transcription [GO:0006355]		ATP binding [GO:0005524]; phosphorelay sensor kinase activity [GO:0000155]; regulation of DNA-templated transcription [GO:0006355]	ATP binding [GO:0005524]; phosphorelay sensor kinase activity [GO:0000155]	GO:0000155; GO:0005524; GO:0006355	reh:PHG022	-1.5913443699378966	3.2394681214625814e-05	3.2927961936220598	0.0005095699467189794
